"Collection Name","Title#1","Name#1","Name Role Term Text#1","Name URI#1","Resource Type#1","Resource Type URI#1","Genre#1","Genre URI#1","Genre#2","Genre URI#2","Place Created#1","Publisher#1","Date Issued#1","Date Created#1","Language Term#1","Language Term URI#1","Language Term Type#1","Extent#1","Form#1","Form URI#1","Form#2","Form URI#2","Abstract#1","Note#1","Note Type#1","Note#2","Subject Topic#1","Subject Topic URI#1","Subject Topic#2","Subject Topic URI#2","Subject Topic#3","Subject Topic URI#3","Subject Topic#4","Subject Topic URI#4","Subject Name#1","Subject Name URI#1","Subject Name#2","Subject Name URI#2","Subject Geographic#1","Subject Geographic URI#1","Subject Geographic#2","Subject Geographic URI#2","Subject Geographic#3","Subject Geographic URI#3","Subject Temporal#1","Subject Temporal URI#1","Identifier#1","Identifier ARK#1","Physical Location#1","Physical Location Type#1","Shelf Locator#1","Related Item#1","Related Item Identifier#1","Date Captured#1","Internet Media Type#1","Internet Media Type URI#1","Digital Origin#1","Access Condition#1","Access Condition URI#1","ln_RECORDID","ln_MEDIAID","ln_RECORD_BATCHID","lnexp_MEDIAFILENAME","lnexp_PAGEURL"
"Rare and Distinctive Collections Moving Image Film and Video","Circus People","Academy Films, Hollywood, Calif.","Producer","http://id.loc.gov/authorities/names/n50055093","Moving Image","http://purl.org/dc/dcmitype/MovingImage","Educational films","http://id.loc.gov/authorities/genreForms/gf2011026219","television programs","http://vocab.getty.edu/page/aat/300263432","Hollywood (Los Angeles, Calif.)","Academy Films, Hollywood, Calif.","","1947","English","http://id.loc.gov/vocabulary/iso639-2/eng","ISO639-2","1 film reel (16mm): color, silent; 10:37","color films (visual works)","http://vocab.getty.edu/page/aat/300417957","sound films","http://vocab.getty.edu/page/aat/300417955","Producer, Academy Films. Description from Mountain Plains Film Library Catalogs (1960s-1970s): ""Presents the story of circus life - how the train arrives int he morning and is unloaded, the big tents are put up, the circus people are fed, and how they live as they travel with the circus. Shows a clown putting on his makeup and costume before the show starts, several clowns rehearsing their act outside the tent, and the opening parade as the performers go into the tent.""","00:00 Opening credits read “Academy Films presents Circus People, copyright MCMXLVII by Academy Films.” Credits continue to read, “Produced and directed by James A. Larsen, Western Electric Recording.” 00:14 A narrator begins by talking about circus travel by train; 00:51 Once the train has arrived the narrator talks about the circus people, or workers, setting up the tents and other tasks they must complete to prepare for the circus; 03:52 Scene changes to show a circus fire truck. The local fire department provides resources to the circus fire crew; 04:20 Scene changes to show meals loaded into the refrigerated wagon. Circus staff prepare food for the rest of the circus crew; 05:37 Scene changes to show women cleaning and caring for their circus costumes. “Otto” the circus clown can be seen preparing his make-up outside. Other clowns are shown juggling before the show starts; 08:44 A crowd of people stand in line to buy their tickets. Children buy balloons; 09:22 The narrator explains that the afternoon show begins with a parade of elephants, camels, horses, and other performers; 10:29 End credits appear and read “The End, an Academy Film.”","Segment sequence","Collection of origin: Continuing Education and Extension Center papers","Circus","http://id.worldcat.org/fast/861646","Circus performers","http://id.worldcat.org/fast/861671","Clowns","http://id.worldcat.org/fast/864913","","","","","","","","","","","","","","","U183049110884_narv_cuExtension_circusPeople_a.mp4","https://ark.colorado.edu/ark:/47540/p8458f55b7z6","University of Colorado Boulder Libraries Rare and Distinctive Collections","current","COU: 2495","","","2022","video/mp4","https://www.iana.org/assignments/media-types/video/mp4","reformatted digital","This Item is protected by copyright and/or related rights. You are free to use this Item in any way that is permitted by the copyright and related rights legislation that applies to your use. For other uses you need to obtain permission from the rights-holder(s).","http://rightsstatements.org/vocab/InC/1.0/","26","312340","5025","U183049110884_narv_cuExtension_circusPeople_a.mp4","https://cudl.colorado.edu//luna/servlet/detail/CUB~33~33~26~312340"
"Rare and Distinctive Collections Moving Image Film and Video","Conformity","WCAU-TV (Television station : Philadelphia, Pa.)","Producer","http://id.loc.gov/authorities/names/n50057215","Moving Image","http://purl.org/dc/dcmitype/MovingImage","television programs","http://vocab.getty.edu/page/aat/300263432","broadcasts","http://vocab.getty.edu/page/aat/300263431","Philadelphia (Pa.)","WCAU-TV","12/26/1962","1962-12-20","English","http://id.loc.gov/vocabulary/iso639-2/eng","ISO639-2","1 film reel (16mm): black and white, sound; 23:17","black-and-white films (visual works)","http://vocab.getty.edu/page/aat/300417958","sound films","http://vocab.getty.edu/page/aat/300417955","Producer, WCAU-TV (Philadelphia). Host, Harry Reasoner. Description from Mountain Plains Film Library Catalogs (1960s-1970s): ""Deals with the problem of conformist attitudes in American life and its inherent dangers. Dicusses the advocates of censorship (bookburning), bigots, supporters of the late Senator McCarthy, buck-passing parents, 'yes men,' and group-think educational methods. Depicts the trend toward U.S. homogenization and dehumanization as a parallel to communism and a classless society.""","00:00 A clapperboard is shown with information pertaining to the segment; 00:11 Harry Reasoner begins by talking about intellectualism in America. Scenes continue to show similar topics such as a group of men dressed the same and all reading the newspaper. Also, an aerial view of “look alike” houses is shown while Reasoner talks about a culture where families conduct their same daily routines. Reasoner describes it as a form of communism; 01:47 The scene changes to show Reasoner talk about the real dangers with conformity to American suburban neighborhoods. He talks about the need to avoid communism and compares it to Russian police brutality and a classless society; 02:25 Scene changes to show a man named Mr. Stevenson from Illinois who talks about diversity, freedom, and uniformity, as well as the “internal condition of man” or civil war of man; 04:48 Reasoner asks if man possesses diversity. The scene changes to show urban cities across America that all seem the same. Reasoner states, “like the Russians, we believe in the greatest good for the greatest number” and compares his statement to our mass production, jobs, schools, and factories; 08:29 Reasoner continues to make connections to Russian society and states “we, and the Russians, and any other technological society, believe more in the team than the man.” Scenes related to sports such as football and cheering crowds appear; 09:33 The scene changes to show a man at his factory job. Reasoner talks about jobs becoming less important as machines take over most of the work. Reasoner continues to talk about how this leads to group think in our schools and waning identity of individuals; 14:57 Scene changes to show young women dancing to the song “The Twist” by Chubby Checker. Reasoner mentions a study done by the New York Times stating that Jewish adolescents valued personal popularity and athleticism more than academic achievement. Reasoner continues to say society is becoming more suspicious of individual thinkers; 15:45 Reasoner asks a man about his need to sell his house because a Black family moved into the neighborhood. Reasoner asks the man if he is moving because everyone else in the neighborhood is moving too. Reasoner mentions that the group is not always right; 17:40 Reasoner talks about the struggle of being in the minority regarding individual thought. Reasoner talks about when it is appropriate to conform to rules and standards in specific situations or groups; 21:15 Scene changes to show a group of people discussing rules regarding curfews for children. Reasoner mentions this is a group that can only find strength in mass action and states, “here are nobodies taking refuge and being everybody so that none of them will have to be somebody”; 22:40 Reasoner talks about laws, rules, and the inability for people to know the difference between right and wrong. He questions what has happened with society when it must appoint a committee to determine what is ethical; 23:20 Film ends.","Segment sequence","Collection of origin: Continuing Education and Extension Center papers","Communism and society","http://id.worldcat.org/fast/870538","Group identity","http://id.worldcat.org/fast/948442","Thought and thinking","http://id.worldcat.org/fast/1150249","Conformity","http://id.worldcat.org/fast/875034","Reasoner, Harry, 1923-1991","http://id.loc.gov/authorities/names/n81076482","","","United States","http://id.worldcat.org/fast/1204155","","","","","","","U183050988062_narv_cuExtension_conformity_a.mp4","https://ark.colorado.edu/ark:/47540/h23q3733b4nc","University of Colorado Boulder Libraries Rare and Distinctive Collections","current","COU: 2495","","","2022","video/mp4","https://www.iana.org/assignments/media-types/video/mp4","reformatted digital","This Item is protected by copyright and/or related rights. You are free to use this Item in any way that is permitted by the copyright and related rights legislation that applies to your use. For other uses you need to obtain permission from the rights-holder(s).","http://rightsstatements.org/vocab/InC/1.0/","22","312332","5025","U183050988062_narv_cuExtension_conformity_a.mp4","https://cudl.colorado.edu//luna/servlet/detail/CUB~33~33~22~312332"
"Rare and Distinctive Collections Moving Image Film and Video","Environmental Spots","Univeristy of Colorado Environmental Board","Producer","local","Moving Image","http://purl.org/dc/dcmitype/MovingImage","Film clips","http://id.loc.gov/authorities/genreForms/gf2011026255","Television public service announcements","http://id.loc.gov/authorities/genreForms/gf2011026676","","","","1975","English","http://id.loc.gov/vocabulary/iso639-2/eng","ISO639-2","1 film reel (16mm): color, sound; 04:45","color films (visual works)","http://vocab.getty.edu/page/aat/300417957","sound films","http://vocab.getty.edu/page/aat/300417955","Producer, Univeristy of Colorado Environmental Board. Series of public service announcements, including statements on air pollution, water pollution, pesticides, plastics, and trash. A- and B-image tracks and audio combined digitally from three separate reels","00:00 Images of roses, tomatoes, and labels for insecticide flash on the screen quickly. A narrator pretends to talk to a shop keeper of a hardware business. He says he is having problems with pests in his garden and asks for insect repellent; 00:33 Scene changes to read, “Environmental Board – University of Colorado”; 00:48 Water drips from a kitchen faucet. A narrator states the drips result is 4 gallons a day of water and continues to talk about water conservation; 01:18 Scene changes to read, “Environmental Board – University of Colorado”; 01:28 Cars drive down an interstate. The narrator asks if the audience “remembers when gas was only 28.9 a gallon” and continues to mention how nothing was done in the 1970s to reduce methane and fuel consumption; 02:00 Scene changes to read, “Environmental Board – University of Colorado”; 02:15 A landfill is shown. The narrator talks about recycling; 02:46 Scene changes to read, “Environmental Board – University of Colorado”; 02:59 Close-up views of various packaged products. The narrator talks about all the trash that is produced from various types of packaging; 04:00 Scene changes to read, “Environmental Board – University of Colorado”; 04:11 A river with trash is shown. The narrator asks the audience what it would be like if skies were always foggy, or trash was always laying in our streams. A screen that reads, “YOUR ENVIRONMENT IS IMPORTANT! – Environmental Board – University of Colorado” appears.","Segment sequence","Collection of origin: William Loeffler Film collection","Pollution","http://id.worldcat.org/fast/1070069","Waste products","http://id.worldcat.org/fast/1171063","Environmental protection","http://id.worldcat.org/fast/913324","","","","","","","Colorado","http://id.worldcat.org/fast/1210251","","","","","","","U183075101449_U183075101465_U183075101431_narv_loefflerWilliam_enviroSpots_a.mp4","https://ark.colorado.edu/ark:/47540/bg8z2q40n7jd","University of Colorado Boulder Libraries Rare and Distinctive Collections","current","COU: 996","","","2022","video/mp4","https://www.iana.org/assignments/media-types/video/mp4","reformatted digital","This Item is protected by copyright and/or related rights. You are free to use this Item in any way that is permitted by the copyright and related rights legislation that applies to your use. For other uses you need to obtain permission from the rights-holder(s).","http://rightsstatements.org/vocab/InC/1.0/","32","312352","5025","U183075101449_U183075101465_U183075101431_narv_loefflerWilliam_enviroSpots_a.mp4","https://cudl.colorado.edu//luna/servlet/detail/CUB~33~33~32~312352"
"Rare and Distinctive Collections Moving Image Film and Video","Ghost Towns of Pikes Peak","Simmel Mersevey","Producer","local","Moving Image","http://purl.org/dc/dcmitype/MovingImage","Educational films","http://id.loc.gov/authorities/genreForms/gf2011026219","television programs","http://vocab.getty.edu/page/aat/300263432","","","","1952","English","http://id.loc.gov/vocabulary/iso639-2/eng","ISO639-2","1 film reel (16mm): color, sound; 12:03","color films (visual works)","http://vocab.getty.edu/page/aat/300417957","sound films","http://vocab.getty.edu/page/aat/300417955","Producer, Simmel Mersevey. Classroom Film Distributors. Ghost Towns Series. Description from Mountain Plains Film Library Catalogs (1960s-1970s): ""Cripple Creek Basin was once the richest source of gold in the world. Some of the towns which sprung up were Cripple Creek, Victor, Elkton, and Anaconda. The social life of the inhabitants, the fabulous mines, and the more famous prospectors are portrayed.""","00:00 Title screen appears to read, “Ghost Towns of Pike’s Peak – Copyright MCMLII.” Credits appear to read “Editor…William Morrison, Narrator…Paul Masterson, Music Supervision…Jack Meakin, Production Supervision Edward Simmel, Writer and Production Associate Arthur V. Jones, Photography Jackson Winter.”; 00:21 Scene changes to show a view of old mining camps along Pike’s Peak. Narrator, Paul Masterson talks about [Womack] also known as “Crazy Bob” who searched for gold around Colorado Springs; 01:45 Masterson talks about Cripple Creek and the saying “Pikes Peak or Bust!” Masterson continues to talk about the mines that started around Cripple Creek and the lifestyle of mining families; 04:45 Masterson talks about Winfield Scott Stratton and his discovery of Independence Lode near Victor, Colorado; 06:00 Masterson talks about heavyweight champion, Jack Johnson who worked as a porter at a depot in Colorado; 06:12 Scene changes to show several abandoned houses where families lived on the outskirts of Cripple Creek. Masterson talks about other buildings and people in Cripple Creek and Victor, Colorado; 09:11 Masterson talks about Isabella Mine; 09:48 Masterson talks about the one remaining house in the town of Aultman, Colorado. Scenes change to show abandoned structures amongst various ghost towns along the Pike’s Peak region; 11:53 End credits appear and read “The End – A Simmel-Meservey Production”.","Segment sequence","Collection of origin: Continuing Education and Extension Center papers","Mines and mineral resources","http://id.worldcat.org/fast/1022541","Pikes Peak Gold Rush","local","Ghost towns","http://id.worldcat.org/fast/942431","Gold mines and mining--Social aspects","http://id.worldcat.org/fast/944493","Stratton, Winfield Scott, 1848-1902","http://id.loc.gov/authorities/names/n88181781","Johnson, Jack, 1878-1946","http://id.worldcat.org/fast/111410","Colorado--Pikes Peak Region","http://id.worldcat.org/fast/1343236","Colorado--Cripple Creek","http://id.worldcat.org/fast/1205392","","","Eighteen fifties","http://id.worldcat.org/fast/1762057","U183049111296_narv_cuExtension_ghostTownsPikesPeak_a.mp4","https://ark.colorado.edu/ark:/47540/gn6c7p13m4db","University of Colorado Boulder Libraries Rare and Distinctive Collections","current","COU: 2495","","","2022","video/mp4","https://www.iana.org/assignments/media-types/video/mp4","reformatted digital","This Item is protected by copyright and/or related rights. You are free to use this Item in any way that is permitted by the copyright and related rights legislation that applies to your use. For other uses you need to obtain permission from the rights-holder(s).","http://rightsstatements.org/vocab/InC/1.0/","23","312334","5025","U183049111296_narv_cuExtension_ghostTownsPikesPeak_a.mp4","https://cudl.colorado.edu//luna/servlet/detail/CUB~33~33~23~312334"
"Rare and Distinctive Collections Moving Image Film and Video","Ghost towns of the Rockies","Simmel Mersevey","Producer","local","Moving Image","http://purl.org/dc/dcmitype/MovingImage","Educational films","http://id.loc.gov/authorities/genreForms/gf2011026219","television programs","http://vocab.getty.edu/page/aat/300263432","","","","1951","English","http://id.loc.gov/vocabulary/iso639-2/eng","ISO639-2","1 film reel (16mm): color, sound; 12:19","color films (visual works)","http://vocab.getty.edu/page/aat/300417957","sound films","http://vocab.getty.edu/page/aat/300417955","Classroom Film Distributors. Ghost Towns Series. Description from Mountain Plains Film Library Catalogs (1960s-1970s): ""Concerns the towns of the early gold rush days in Colorado, and shows some of the towns still in existence, such as Central City.""","00:00 Credits appear to read “Editor…William Morrison, Narrator…Les Mitchel, Music Supervision…Jack Meakin, Production Supervision Edward Simmel, Writer and Production Associate Arthur V. Jones, Photography Jackson Winter.”; 00:14 Scene changes to show a river flowing through the Rocky Mountains in Colorado. Narrator, Les Mitchel talks about the ghost towns in Colorado and prospector, John H. Gregory’s discovery of gold. Mitchel continues to talk about the towns that quickly developed as families began to move towards Central City, Colorado in search of gold; 03:40 Mitchel talks about President Ulysses S. Grant’s visit to Teller House in Central City. The residents of the city made sure the Teller House was the most elaborately furnished hotel in the west; 05:30 Mitchel talks about Henry Teller as the owner of the hotel and one of the first United States senators from Colorado; 06:05 Mitchel mentions miners in Central City dusted the river with gold when editor, Horace Greely arrived to write an article about the town. Mitchel continues to talk about the theatre and saloons in the area; 07:20 Mitchel talks about the intricate designs of the homes in Central City. The designs could still be seen on the abandoned structures. [Cataloger’s note: video skips in the middle of topics periodically]; 08:30 Mitchel talks about “The Great Glory Hole” consisting of several small open-pit mines. Mitchel also talks about the aerial transportation system used to transport ore from the mountain; 09:39 Mitchel talks about the laws of Central City and miners’ court; 10:30 Mitchel talks about the abandonment of mining camps; 11:58 End credits appear and read “The End – A Simmel-Meservey Production”.","Segment sequence","Collection of origin: Continuing Education and Extension Center papers","Mines and mineral resources","http://id.worldcat.org/fast/1022541","Pikes Peak Gold Rush","local","Ghost towns","http://id.worldcat.org/fast/942431","Gold mines and mining--Social aspects","http://id.worldcat.org/fast/944493","John H. Gregory","local","Grant, Ulysses S. (Ulysses Simpson), 1822-1885","http://id.loc.gov/authorities/names/n80126151","Colorado--Central City","http://id.worldcat.org/fast/1217417","","","","","Eighteen fifties","http://id.worldcat.org/fast/1762057","U183049111301_narv_cuExtension_ghostTownsRockies_a.mp4","https://ark.colorado.edu/ark:/47540/fm501w7347sg","University of Colorado Boulder Libraries Rare and Distinctive Collections","current","COU: 2495","","","2022","video/mp4","https://www.iana.org/assignments/media-types/video/mp4","reformatted digital","This Item is protected by copyright and/or related rights. You are free to use this Item in any way that is permitted by the copyright and related rights legislation that applies to your use. For other uses you need to obtain permission from the rights-holder(s).","http://rightsstatements.org/vocab/InC/1.0/","24","312336","5025","U183049111301_narv_cuExtension_ghostTownsRockies_a.mp4","https://cudl.colorado.edu//luna/servlet/detail/CUB~33~33~24~312336"
"Rare and Distinctive Collections Moving Image Film and Video","Living Flowers","Progressive Pictures","Producer","local","Moving Image","http://purl.org/dc/dcmitype/MovingImage","Educational films","http://id.loc.gov/authorities/genreForms/gf2011026219","television programs","http://vocab.getty.edu/page/aat/300263432","","","","Circa 1946","English","http://id.loc.gov/vocabulary/iso639-2/eng","ISO639-2","1 film reel (16mm): black and white, sound; 08:14","black-and-white films (visual works)","http://vocab.getty.edu/page/aat/300417958","sound films","http://vocab.getty.edu/page/aat/300417955","Producer, Progressive Pictures. Educational film. Description from Mountain Plains Film Library Catalogs (1960s-1970s): ""Portraits the butterfly as a living flower""","00:00 Credits appear to read “Narration by Jules M. Labert, Music by Van Hoorebeke, Edited by Datlowe. Nature works her miracles on the many-lived butterfly.”; Narrator, Jules Labert begins by introducing the topic of butterflies and their lifecycles; 00:46 Scene changes to show a caterpillar on a branch. Narrator talks about various caterpillars; 01:38 Scene changes to show butterfly eggs on the bottom of a leaf. The narrator talks about the birth of caterpillars; 03:10 The caterpillar sheds its skin and devours leaves. Labert talks about the caterpillars’ technique of burrowing itself in the ground to prepare for its cocoon; 04:58 The cocoon is shown on the screen. Other types of caterpillar cocoons are shown hanging on the branches of trees; 06:45 Scene changes to show the hanging cocoon breaking open to reveal a butterfly; 08:06 End credits appear and read “The End.”","Segment sequence","Collection of origin: Continuing Education and Extension Center papers","Butterflies--Life cycles","http://id.worldcat.org/fast/843116","Caterpillars","http://id.worldcat.org/fast/849031","","","","","","","","","","","","","","","","","U183049111602_narv_cuExtension_livingFlowers_a.mp4","https://ark.colorado.edu/ark:/47540/3h9b7g25k5bz","University of Colorado Boulder Libraries Rare and Distinctive Collections","current","COU: 2495","","","2022","video/mp4","https://www.iana.org/assignments/media-types/video/mp4","reformatted digital","This Item is protected by copyright and/or related rights. You are free to use this Item in any way that is permitted by the copyright and related rights legislation that applies to your use. For other uses you need to obtain permission from the rights-holder(s).","http://rightsstatements.org/vocab/InC/1.0/","25","312338","5025","U183049111602_narv_cuExtension_livingFlowers_a.mp4","https://cudl.colorado.edu//luna/servlet/detail/CUB~33~33~25~312338"
"Rare and Distinctive Collections Moving Image Film and Video","Marriage and Divorce","McGraw-Hill","Producer","local","Moving Image","http://purl.org/dc/dcmitype/MovingImage","Educational films","http://id.loc.gov/authorities/genreForms/gf2011026219","television programs","http://vocab.getty.edu/page/aat/300263432","","","","1949","English","http://id.loc.gov/vocabulary/iso639-2/eng","ISO639-2","1 film reel (16mm): black and white, sound; 14:42","black-and-white films (visual works)","http://vocab.getty.edu/page/aat/300417958","sound films","http://vocab.getty.edu/page/aat/300417955","Producer, McGraw-Hill. Educational film. Diescripton from Mountain Plains Film Library Catalogs (1960s-1970s), ""Surveys the problems of broken homes and the increasing divorce rate.""","00:00 Opening credits read, “The Editors of Time Life Fortune present The March of Time forum edition. Marriage and Divorce”; 00:32 A narrator talks about weddings and the act of marriage as a hope for most women and a symbol for the “continuity of family and home and their place in the life of the community”; 01:00 The narrator talks about the legal aspects of marriage as a bride is shown arriving to her wedding; 02:40 The narrator talks about the steps newlyweds must take after they are married such as finding affordable living and spending paychecks wisely to keep up with duties around the house; 03:30 The narrator talks about the disagreements couples might encounter over expenses and the potential those arguments could lead to divorce. Couples are shown arguing on the screen; 04:20 The narrator talks about divorce as a “propounding disturbing experience leaving deep psychological scars.” A woman is shown crying in divorce court. The scene changes to show the impacts divorce might have on children and families; 04:50 The narrator talks about the fact that the percentage of divorce had been doubling since 1900; 06:05 The narrator talks about the cultural shift outside of rural families and the experience of modern living; 06:58 The narrator talks about the increasing economic independence of women as one modern factor disrupting marriage; 07:15 Marynia Farnham is shown dictating some of her ideas about the independence of women and the impacts that has on families; 08:00 The narrator talks about the National Council on Family Relations and divorce; 08:27 The scene changes to show the role churches are taking to deter from divorce; Screen appears to read, “Throughout the ages, men and women have tried to find ways to make lasting and happy marriages.” 09:28 The narrator talks about the ideas of love before marriage with young adults and teenagers. The narrator talks about parents finding partners for their children, as well as arranged marriage; 10:44 The narrator talks about the increasing profession of marriage counselors to help couples avoid divorce; 11:35 The narrator talks about the rewards of married life despite the disagreements. The scene changes to show babies and the narrator talks about the rewards of having children and raising a family. The narrator talks about the benefits men have while providing for a family; 14:32 End credits appear and read “The End, The March of Time.”","Segment sequence","Collection of origin: Continuing Education and Extension Center papers","Marriage","http://id.worldcat.org/fast/1010443","Divorce","http://id.worldcat.org/fast/895809","Families","http://id.worldcat.org/fast/1728849","","","Farnham, Marynia F. (Marynia Foot), 1899-","http://id.loc.gov/authorities/names/no97030187","","","","","","","","","","","U183050990051_narv_cuExtension_marriageDivorce_a.mp4","https://ark.colorado.edu/ark:/47540/zr5f2s13n72k","University of Colorado Boulder Libraries Rare and Distinctive Collections","current","COU: 2495","","","2022","video/mp4","https://www.iana.org/assignments/media-types/video/mp4","reformatted digital","This Item is protected by copyright and/or related rights. You are free to use this Item in any way that is permitted by the copyright and related rights legislation that applies to your use. For other uses you need to obtain permission from the rights-holder(s).","http://rightsstatements.org/vocab/InC/1.0/","27","312342","5025","U183050990051_narv_cuExtension_marriageDivorce_a.mp4","https://cudl.colorado.edu//luna/servlet/detail/CUB~33~33~27~312342"
"Rare and Distinctive Collections Moving Image Film and Video","Pompeii, Vesuvius, Amalfi, Caserta","[Loeffler, William H.]","Filmmaker","local","Moving Image","http://purl.org/dc/dcmitype/MovingImage","Travelogues (Motion pictures)","http://id.loc.gov/authorities/genreForms/gf2011026704","Amateur films","http://id.loc.gov/authorities/genreForms/gf2011026038","","","","[Circa 1930s]","English","http://id.loc.gov/vocabulary/iso639-2/eng","ISO639-2","1 film reel (16mm): black and white, silent; 14:38","black-and-white films (visual works)","http://vocab.getty.edu/page/aat/300417958","silent films","http://vocab.getty.edu/page/aat/300252071","Travel footage, showing cityscapes, landscapes with volcano, architectural ruins, statues, and gardens. Possibly original travel footage from the family of CU Boulder media producer, William H. Loeffler","00:00 Film starts by showing architectural ruins including ancient stone archways and columns. This is possibly a Roman archeological site located around Pompeii. Mount Vesuvius might be shown in the background of some of the shots of the old city architecture; 01:27 Landscape view shows the ocean, Mount Vesuvius, and roads in the mountains. The film proceeds to show close-up shots of lava at the top of the volcano; 03:10 Scene changes to distant landscape views of Mount Vesuvius; 03:49 Close-up view of a plume of ash coming from the crater of Mount Vesuvius; 05:07 A man is shown standing and smiling next to the plume of ash; 06:22 Camera pans over the top of ancient ruins and other buildings in the area; 06:57 Men riding a tall cart pulled by donkeys travels down the middle of the city road. Camera pans across the coastline to show buildings and the ocean; 07:44 Multiple racks, possibly showing pasta noodles, are left out to dry. Different scenes continue to show various buildings and features of the city; 11:20 A waterfall and rock feature is shown. There are sculptures of Roman people in the water at the base of the waterfall. Other sculptures, fountains, and trees can be seen in a garden area; 14:36 Film ends.","Segment sequence","Collection of origin: Leroy H. Miller papers","Sculpture, Roman","http://id.worldcat.org/fast/1109838","Civilization, Ancient","http://id.worldcat.org/fast/862946","Volcanoes","http://id.worldcat.org/fast/1168844","Voyages and travels","http://id.worldcat.org/fast/1169308","","","","","Italy--Vesuvius","http://id.worldcat.org/fast/1242341","Italy--Pompeii (Extinct city)","http://id.worldcat.org/fast/1896973","","","","","U183075096408_narv_millerLeroy_pompeiiVesuviusAmalfiCaserta_a.mp4","https://ark.colorado.edu/ark:/47540/dv3r1v7066sr","University of Colorado Boulder Libraries Rare and Distinctive Collections","current","COU: 1079","","","2022","video/mp4","https://www.iana.org/assignments/media-types/video/mp4","reformatted digital","This Item is protected by copyright and/or related rights. You are free to use this Item in any way that is permitted by the copyright and related rights legislation that applies to your use. For other uses you need to obtain permission from the rights-holder(s).","http://rightsstatements.org/vocab/InC/1.0/","29","312346","5025","U183075096408_narv_millerLeroy_pompeiiVesuviusAmalfiCaserta_a.mp4","https://cudl.colorado.edu//luna/servlet/detail/CUB~33~33~29~312346"
"Rare and Distinctive Collections Moving Image Film and Video","Rocky Flats plant operations","[U.S. Department of Energy]","Producer","local","Moving Image","http://purl.org/dc/dcmitype/MovingImage","Educational films","http://id.loc.gov/authorities/genreForms/gf2011026219","Television public service announcements","http://id.loc.gov/authorities/genreForms/gf2011026676","","","","1979","English","http://id.loc.gov/vocabulary/iso639-2/eng","ISO639-2","1 film reel (16mm): color, silent; 05:58","color films (visual works)","http://vocab.getty.edu/page/aat/300417957","silent films","http://vocab.getty.edu/page/aat/300252071","Reel contains collected clips from the Rocky Flats Nuclear Facility, likely produced by US Department of Energy. Original soundtrack, if any, not included in collection.","00:00 Aerial view of the Rocky Flats Nuclear Facility in Colorado; 01:20 A man is shown operating equipment inside the facility. He stands behind a green window while he works; 02:17 Two employees work with equipment inside the facility. Television screens show them where they are moving equipment; 03:24 Materials move along a conveyor. Employees continue to work with glove boxes to handle nuclear materials; 04:53 A man walks inside a different laboratory room where more employees are working with glove boxes. He wipes himself down with a metal bar before or after using the equipment.","Segment sequence","Collection of origin: Dark Circle collection","Radioactivity--Safety measures","http://id.worldcat.org/fast/1088032","Nuclear energy--Research--Laboratories","http://id.worldcat.org/fast/1040003","Nuclear facilities","http://id.worldcat.org/fast/1040096","","","","","","","Rocky Flats Plant (U.S.)","http://id.worldcat.org/fast/708111","Colorado","http://id.worldcat.org/fast/1210251","","","","","U183075098060_narv_darkCircle_rockyFlatsPlantOperations_a.mp4","https://ark.colorado.edu/ark:/47540/7s504d69k4ph","University of Colorado Boulder Libraries Rare and Distinctive Collections","current","COU: 5028","","","2022","video/mp4","https://www.iana.org/assignments/media-types/video/mp4","reformatted digital","This Item is protected by copyright and/or related rights. You are free to use this Item in any way that is permitted by the copyright and related rights legislation that applies to your use. For other uses you need to obtain permission from the rights-holder(s).","http://rightsstatements.org/vocab/InC/1.0/","28","312344","5025","U183075098060_narv_darkCircle_rockyFlatsPlantOperations_a.mp4","https://cudl.colorado.edu//luna/servlet/detail/CUB~33~33~28~312344"
"Rare and Distinctive Collections Moving Image Film and Video","Scenes in Turkey, 1 of 2","Maxson, John H. (John Haviland), 1906-1966","","http://id.loc.gov/authorities/names/no2008050355","Moving image","http://id.loc.gov/vocabulary/resourceTypes/mov","Amateur films","http://id.loc.gov/authorities/genreForms/gf2011026038","Travelogues (Motion pictures)","http://id.loc.gov/authorities/genreForms/gf2011026704","","","","Circa 1936/1937","English","http://id.loc.gov/vocabulary/iso639-2/eng","eng","1 film reel (16mm); black and white, silent; 14:51","silent films","http://vocab.getty.edu/page/aat/300252071","black-and-white films (visual works)","http://vocab.getty.edu/page/aat/300417958","Title on container: ""Turkey, No. 1 / 36 or 37."" Hand-edited travel film, featuring views of Turkish landmarks and street scenes (ca. 1935/1939), with descriptive titles (ca. 1937/1944). Images include Constantinople skyline, St. Sophia, the Hippodrome, the Mosque of Sultan Ahmed, and a ""Stamboul"" street scene. Also includes views of the Golden Horn harbor, Yilankale (Snake Castle), Anatolia, Antalya, and Nemrut Mountain, as well as a street scene in Tarsus and ""itinerant entertainers"" near the Roman Bridge in Adana.","00:00 Opening credits appear and read: ""Scenes in Turkey.""; 00:04 ""Constantinople, -- successively capital of the -- Eastern Roman Empire (330-450 A.D.), -- the Byzantine Empire (450-1453), -- and the Ottoman Empire (1453-1923), -- renamed Istanbul, -- is the commercial center -- of the Turkish Republic.""; 00:27 A ship navigates to the left, and the shore with small-medium buildings shows as background; 00:33 Camera rotates to the left showing the nearby shore with other ships from different sizes and stops around 45 degrees. A tall tower with a dome at the top stands out. The camera keeps rotating to the left slowly, showing buildings, more than three with active chimneys; 00:52 Camera keeps rotating to the left, almost completing the 360 degrees; 00:57 Hagia Sophia (Holy Wisdom) building and smoke to the left; 01:09 The camera turns to the right side filming a small sailboat, and motor boats; 01:21 A bigger ship shows up while the camera moves to the right, making a 360 rotation; 01:30 Three ships are at a distance; 01:33 Credits appear and read: ""St. Sophia, erected by -- Justinian 537 A.D.""; 01:40 One minaret shows behind the trees; 01:50 Hagia Sophia Grand Mosque appears with two other minarets; 01:59 On the street, one man holds two sorts of lamps hanging at the back of his shoulders from a stick. One little bus to the left with another man walking by in front. To the right of the sidewalk is a booth with a triangle roof, a pedestrian, and a black car behind it; 02:05 St. Sophia shows behind the trees; 02:21 ""Forum of the -- Eastern Roman Empire, -- site of the Hippodrome.""; 02:39 Two persons walking around the squared garden space with a minaret behind it; 02:45 Doves flying and on the cobblestone and shaded street with two minarets and a building as background; 2:58 Three pedestrians are filmed, one of them is jogging; 03:04 Trees move with the wind, and St. Sophia structure is on the scene; 03:08 Credits appear and read: ""Mosque of Sultan Ahmed, 1619 A.D.""; 03:14 Complete picture of the St. Sophia cathedral; 03:24 Moves to the right showing the garden and a water fountain; 03:31 Entrance with pedestrians walking in all directions; 03:40 Credits appear and read: ""A Stamboul street -- near the old bazaar.""; 03:45, A narrow street with many people walking and a man at the top of a wooden wagon full of medium-sized buckets; 3:48, a small child with a guardian to the left; 03:50, A man with an artifact sitting on the corner of the sidewalk; 04:00 Sign ""Guzel Goomlek 33 Telemak Patunas""; 04:03 A man carrying a big bag on his back; 04:07 Man carrying a wide basket on his head, a young child passing by along with other men with hats; 04:12 A man with a uniform look straight at the camera; 04:18 A horse-drawn cart, three men with big basket hanging on their backs; 04:23 Many men walking next to a rounded and tall entrance to the left; 4:30 Credits ""Golden Horn from -- the floating bridge."" 04:36 Bay view with all vessels navigating the water; 05:04 Credits ""Traffic over the Golden Horn."" 05:11 Wide street with cars, trolley, people, one man lifting a big object, buses, trucks, donkeys carrying merchandise, ; 05:46 Hills with houses; 05:59 Countryside; 6:00 Credits ""In the biblical province of Cilicia"" 6:06 mountains with snow; 6:25 flat lands; 6:43 View from the air and a line of trees with mountains at the back; 7:06 Ruins; 7:09 Car with open door and man standing, two-story house at the back; 7:15 A man coming out of a house and a group of 8 waiting outside under a shade; 7:25 Credits ""Yilankale (Snake Castle), stronghold of ancient Persians, Greeks, Crusaders, and Turks.""; 7:37 Little houses on the hills; 7:58 Lagoon with trees behind and mountains in the background; 8:07 Three persons and a donkey in front of a building; 8:15 Credits ""Street scene in Tarsus""; 8:27 A small waterfall or river with a building behind; 8:38 A dog in the middle of street, a man riding a single horse carriage; 8:41 Credits ""Street scene in Adana""; A man greeting the camera from a balcony overlooking at the street; 8:53 Itinerant entertainers near Roman Bridge, Adana.""; 8:59 A man smiling an a little bear at his side; 9:10 A man with a violin, a monkey and a big bear with the mouth tied; 9:22 Credits ""Mediterranean coast of Anatolia and ancient city of Antalya.""; 9:34 Ocean, clouds, and coastline with mountains; 10:46 Closeup to the shore showing some houses; 10:52 A view of St. Sophia from the river; 11:14 View from a tall place showing squared buildings and a few people walking in the distance; 11:41 A woman walking with a towel on her left hand; 11:47 Six girls with long dresses are walking; 11:54 Children without shoes looking at the camera; 11:59 ""Lake Van in eastern Anatolia.""; 12:12 View from the sea to the coastline; 12:33 Sea and snowed mountain at the back; 12:45 Three men at the bow of the boat, one smoking a cigarette and another looking through binoculars; 13:20 Coast view; 13:25 Credits ""Nemrut Mountain, a beheaded volcano""; 13:55 View of the coastline with only mountains; 14:03 Smoke of the vessel's stern; 14:29 Trees, water, and mountain.","Segment sequence","Collection of origin: University of Colorado Museum Collection/Maxson Films","Ayasofya Müzesi","http://id.worldcat.org/fast/1134043","Bazaars (Markets)","http://id.worldcat.org/fast/829052","","","","","","","","","Turkey (Western Asia, Asia) (nation)","http://vocab.getty.edu/page/tgn/1000144","Adana (Turkey, Asia) (province)","http://vocab.getty.edu/page/tgn/1001061","Sultan Ahmet Camii (Istanbul, Turkey, Asia) (mosque)","http://vocab.getty.edu/page/tgn/7686484","","","U183045058373_narv_cuMuseum_sceneInTurkey1of2_a.mp4","https://ark.colorado.edu/ark:/47540/6f8n7v9033q9","University of Colorado Boulder Libraries Rare and Distinctive Collections","","COU: 1111","","","2022","video/mp4","https://www.iana.org/assignments/media-types/video/mp4","reformatted digital","This Item is protected by copyright and/or related rights. You are free to use this Item in any way that is permitted by the copyright and related rights legislation that applies to your use. For other uses you need to obtain permission from the rights-holder(s).","http://rightsstatements.org/vocab/InC/1.0/","38","314202","5038","U183045058373_narv_cuMuseum_sceneInTurkey1of2_a.mp4","https://cudl.colorado.edu//luna/servlet/detail/CUB~33~33~38~314202"
"Rare and Distinctive Collections Moving Image Film and Video","Scenes in Turkey, 2 of 2","Maxson, John H. (John Haviland), 1906-1966","","http://id.loc.gov/authorities/names/no2008050355","Moving image","http://id.loc.gov/vocabulary/resourceTypes/mov","Amateur films","http://id.loc.gov/authorities/genreForms/gf2011026038","Travelogues (Motion pictures)","http://id.loc.gov/authorities/genreForms/gf2011026704","","","","Circa 1936/1937","English","http://id.loc.gov/vocabulary/iso639-2/eng","eng","1 film reel (16mm); black and white, silent; 14:51","silent films","http://vocab.getty.edu/page/aat/300252071","black-and-white films (visual works)","http://vocab.getty.edu/page/aat/300417958","Title on container: 'Turkey, No. 2 / 4827."" Hand-edited travel film, featuring views of Turkish landmarks and Kurdish people (ca. 1935/1939), with descriptive titles (ca. 1937/1944). Images include the Fountain of Shimak in Kurdistan and the Bridge of Sekeret; Kurdish people near Lake Van plowing, threshing, and making bulgar wheat; ""Little America,"" a ""drill camp"" in Southeastern Turkey; and Kurdish villagers dancing.","00:04 Opening credits ""In Kuridistan. Fountain of Shirnak."" 00:09 One child, two women, and one men with a donkey getting water; 00:34 Two-person carrying heavy bags; 00:45 People carrying vases, and water containers; 01:15 Two girls filling jars with water; 01:50 One boy looking at girls and women with water containers; Credits ""The Bridge of Sekeret.""; 02:02 Three persons crossing a stone and fragile bridge; 02:44 Credits ""Plowing near Lake Van."" 02:50 Six mules and two men working, plowing the soul; 03:35 Mountain with snow at the back and three men working on the soil with their six mules; 04:19 Credits ""Primitive metods of threshing."" Four persons and a herd; 04:40 A man fixing the straw around cows and bulls; behind a hill; 05:16 A man fixing a pile of straw, two men and one child handling the cows; 05:42 Credits ""Making 'bulgur', a wheat staple""; 05:49 A group of men with hammers hitting on the soil, two kids looking sitting on the ground; 06:09 A child enter the scene looking at the camera; 07:14 Two women on the ground fix the mixture the men are hammering outdoor; 07:37 Stop hammering; 07:43 Credits ""Little America"", drill camp in southeastern Turkey.""; A simple power line and a two wing house; 08:08 A row of houses and hills behind. An oil well construction and smoke; 08:59 Credits ""Native women posed unwillingly.""; 09:07 A man, a woman, children, and a young girl looking at the camera; 09:16 Credits ""Our cook, Suleyman, encourages a dance.""; 09:29 A group of seven men dancing and one man playing the flute; 10:04 Men dancing around the flute man; 10:12 Kurdish villages' dance; 10:24 Two men dancing, one moves an oil lamp from the scene, one man playing an instrument; 10:35 Three men with a mustache in front of a stand, one of them is singing; 11:45 Twelve men sitting on the ground and five of them have big hammers. Two men up and one of them with an instrument; 11:51 One man dancing and many other watching; 12:27 Man with instrument playing and dancing; 13:04 One man at the back standing with a hammer; 13:24 One man dancing and squatting with other watching and one playing an instrument; 13:56 Two men dancing altogether, one musician and two men at the back surrounded by trees.","Segment sequence","Collection of origin: University of Colorado Museum Collection/Maxson Films","Threshing","http://id.worldcat.org/fast/1150347","Folk dancing","http://id.worldcat.org/fast/928643","Plowing","http://id.worldcat.org/fast/1067237","Water-supply, Rural","http://id.worldcat.org/fast/1172495","","","","","Lake Van (Turkey, Asia) (lake)","http://vocab.getty.edu/page/tgn/1119011","","","","","","","U183045058381_narv_cuMuseum_sceneInTurkey2of2_a.mp4","https://ark.colorado.edu/ark:/47540/z80d022774ts","University of Colorado Boulder Libraries Rare and Distinctive Collections","","COU: 1111","","","2022","video/mp4","https://www.iana.org/assignments/media-types/video/mp4","reformatted digital","This Item is protected by copyright and/or related rights. You are free to use this Item in any way that is permitted by the copyright and related rights legislation that applies to your use. For other uses you need to obtain permission from the rights-holder(s).","http://rightsstatements.org/vocab/InC/1.0/","39","314200","5038","U183045058381_narv_cuMuseum_sceneInTurkey2of2_a.mp4","https://cudl.colorado.edu//luna/servlet/detail/CUB~33~33~39~314200"
"Rare and Distinctive Collections Moving Image Film and Video","WIPP: Freedom and Responsibility","Westinghouse Electric Corporation. Waste Isolation Division","Producer","http://id.loc.gov/authorities/names/no94042523","Moving Image","http://purl.org/dc/dcmitype/MovingImage","Educational films","http://id.loc.gov/authorities/genreForms/gf2011026219","Television public service announcements","http://id.loc.gov/authorities/genreForms/gf2011026676","","","","1994","English","http://id.loc.gov/vocabulary/iso639-2/eng","ISO639-2","1 film reel (16mm): color, sound; 07:42","color films (visual works)","http://vocab.getty.edu/page/aat/300417957","sound films","http://vocab.getty.edu/page/aat/300417955","Producer, US Department of Energy. An overview of the Waste Isolation Pilot Plant in Carslbad, New Mexico, including images inside the plant and explanation of its planned work storing radioactive waste from around the US in deep, underground salt beds","00:00 The sound of a hawk screeching can be heard as the video shows a hawk flying in Southeastern New Mexico. A narrator talks about nuclear waste left from the Cold War; 00:24 A man named George Dials, manager-D.O.E. of the Carlsbad Area Office introduces himself. He talks about nuclear waste in temporary storage because of nuclear weapons reduction. He continues to say if the radioactive waste is not properly stored, it could endanger Americans and their environment; 00:58 Aerial view of a waste isolation plant in Carlsbad, New Mexico; 01:27 A graphic titled “Geographic Profile” appears. The narrator talks about the Waste Isolation Pilot Plant (WIPP) technology and standards from the EPA. The film continues to show environmental testing; 03:06 Passageways underground to transport and isolate waste is shown; 04:00 Mine safety procedures shown; 04:35 Aerial view of the Idaho National Engineering Laboratory; 05:06 The narrator talks about state regulatory groups to ensure safety and requirements are met; 05:20 Containers with waste are transported across the country to New Mexico to dispose of the waste; 06:22 George talks about how critical WIPP is to the safety of the nation; 07:04 Hawks shown; End credits appear and read, “U. S. Department of Energy – Carlsbad Area Office – Waste Isolation Pilot Plant – Carlsbad, New Mexico.” “A Production of Westinghouse Electric Corporation Waste Isolation Division 1994.”","Segment sequence","Collection of origin: Rocky Flats Citizen Advisory Board","Radioactive waste disposal","http://id.worldcat.org/fast/1087820","Radioactivity--Safety measures","http://id.worldcat.org/fast/1088032","","","","","","","","","New Mexico--Carlsbad","http://id.worldcat.org/fast/1205134","","","","","","","U183044238768_narv_rockyFlatsCitizenAdvisoryBoard_wippFreedomResponsibility_a.mp4","https://ark.colorado.edu/ark:/47540/qh1c9r87216k","University of Colorado Boulder Libraries Rare and Distinctive Collections","current","COU: 1373","","","2022","video/mp4","https://www.iana.org/assignments/media-types/video/mp4","reformatted digital","This Item is protected by copyright and/or related rights. You are free to use this Item in any way that is permitted by the copyright and related rights legislation that applies to your use. For other uses you need to obtain permission from the rights-holder(s).","http://rightsstatements.org/vocab/InC/1.0/","11","312291","5025","U183044238768_narv_rockyFlatsCitizenAdvisoryBoard_wippFreedomResponsibility_a.mp4","https://cudl.colorado.edu//luna/servlet/detail/CUB~33~33~11~312291"
"Rare and Distinctive Collections Moving Image Film and Video","World’s Fair - 1 of 3: Chicago","Holmes, Burton, 1870-1958","Filmmaker","http://id.loc.gov/authorities/names/n82247420","Moving Image","http://purl.org/dc/dcmitype/MovingImage","Travelogues (Motion pictures)","http://id.loc.gov/authorities/genreForms/gf2011026704","Film clips","http://id.loc.gov/authorities/genreForms/gf2011026255","","Burton Holmes Films Inc.","","1933","English","http://id.loc.gov/vocabulary/iso639-2/eng","ISO639-2","1 film reel (16mm): black and white, silent; 19:25","black-and-white films (visual works)","http://vocab.getty.edu/page/aat/300417958","silent films","http://vocab.getty.edu/page/aat/300252071","Possibly clips from ""A Century of Progress: Exposition... the Fair from the Air"" (Burton Holmes Films, 1933). Includes aerial shots of the fairgrounds; transportation exhibits (steamboat, steam engine, horse drawn carriage and wagon, bicycles, planes, and trucks); a military parade; and other international exhibits, including ""The Lama Temple"" and ""Picturesque Belgium""","00:00 Opening credits appear and read, “A Century of Progress, Exposition – Around the Fair with Burton Holmes -- Copyright 1933 by Burton Holmes Films Inc.”; 00:07 Scene changes to show people walking around a fountain with multiple American flags situated around it at the Chicago World’s Fair. The street is lined with banners and flags. There is an aerial tram system above the street; 00:28 A Greyhound bus for the world’s fair is shown transporting guest around the fairgrounds; 00:50 Men pull individuals riding in rickshaws. Other forms of transportation are shown such as wheelchairs, gondolas, and boats; 01:43 Words appear on the screen to read, “Federal Building and Court of States.” The outside of the Federal Building is shown via the ground and aerial views; 02:20 A sign appears and reads, “Sky-Ride, Supreme Thrill of the Fair.” A blimp and aerial cable cars are shown to be moving over the fairgrounds. The cable cars read “Henry Van Porter” on the side of each car; 02:46 “Hall of Science” is shown; 03:04 Sculptures depicting people are shown outside and inside buildings; 03:33 “Food and Agriculture” hall is shown. People walk around a food court on the inside of the building. There is a giant Coca-Cola statue in the middle that lights up. Cans of food can be seen moving on a conveyor belt; 03:43 The scene changes to read, “The Electrical Group” and an aerial view of the building is shown. A giant sign is shown and reads, “Thomas A. Edison.” A section for General Electric is shown on the inside of the building; 04:36 A building with the word “Italia” is shown on the outside. A ferry with “Show Boat” painted on the side travels through the water; 04:50 A sign reads, “Golden Pavilion of Jehol” and an exterior view is shown of a replica of the Chinese Golden Temple of Jehol; 05:13 Scene reads, “Horticulture Hall”; 05:35 Scene changes to a building of the “Social Science Hall”; 06:01 People view an exhibit titled “The American Family of 1933”; 06:14 Scene changes to read, “General Exhibits Buildings” and shows the exterior and interior of the buildings. People look at booths inside; 06:41 Scene changes to show a building with “Ukraine” on the outside. Women walk in Ukrainian dress; 07:00 Scene reads “Maya Temple” and shows the exterior of a replica of a Mayan Temple; 07:06 A wooden sign reads, “American Indian Villages – Hopi, Navajo, Sioux, Nootka, Winnebago – Indian Ceremonials in Stadium – Here Daily.” People walk around teepees and mud architecture; 08:04 Scene changes to read “Travel and Transport Building” and shows an aerial view of the building. A row of train engines shown. People walk inside exhibition halls. Chrysler Motors building shown; 09:07 Exterior view of a building with “Frigidaire” on the outside; 09:25 Scene reads, “Old Fort Dearborn” and shows a log fort and a sign that reads, “Entrance – The Famous Lincoln Village”; 09:37 Exterior view of a building is painted with “Wings of a Century – The Romance of Transportation…” There is a train engine parked by the building. A blimp with “Good Year Tires” written on it appears in the sky; 10:13 “Byrds South Pole Ship” sits in the harbor; 10:12 Scene changes to show a round building painted like earth and reads “The world a million years ago.” Animatronic apes and elephants move on the outside. There is also an exhibit showing animatronic dinosaurs; 10:49 People walk outside buildings labeled “Paris” and “Infant Incubators”; 11:20 A sign reads, “Picturesque Belgium” and shows European themed architecture; 11:48 Scene changes to read, “Old Mexico”; 12:06 An area about Hollywood appears. A man imitates Charlie Chaplin; 12:29 A building titled “Midget Village” appears; 12:47 Scene changes to read “Along the Midway.” People ride a dragon themed roller coaster. Other amusement park rides are shown; 14:30 Women stand on the decks of a building labeled “The Old Plantation Show”; 14:39 A sign appears and reads, “Oriental Village – Old Manhattan Garden.” Replicas of mosques are shown. Exterior view of the “Temple of King Tut”; 15:32 Aerial view of the buildings at night and highways in Chicago; 17:52 Fireworks and building lights.","Segment sequence","Collection of origin: Leroy H. Miller papers","Century of Progress International Exposition","http://id.worldcat.org/fast/1405740","Exhibitions","http://id.worldcat.org/fast/918097","Art deco (Architecture)","http://id.worldcat.org/fast/815527","","","","","","","Illinois--Chicago","http://id.worldcat.org/fast/1204048","Illinois--Northerly Island","http://id.worldcat.org/fast/1890957","","","","","U183075095135_narv_millerLeroy_worldsFair1of3Chicago_a.mp4","https://ark.colorado.edu/ark:/47540/k06x5m5470fq","University of Colorado Boulder Libraries Rare and Distinctive Collections","current","COU: 1079","World’s Fair - 2 of 3: Chicago","U183075095127_narv_millerLeroy_worldsFair2of3Chicago_a.mp4","2022","video/mp4","https://www.iana.org/assignments/media-types/video/mp4","reformatted digital","This Item is protected by copyright and/or related rights. You are free to use this Item in any way that is permitted by the copyright and related rights legislation that applies to your use. For other uses you need to obtain permission from the rights-holder(s).","http://rightsstatements.org/vocab/InC/1.0/","31","312348","5025","U183075095135_narv_millerLeroy_worldsFair1of3Chicago_a.mp4","https://cudl.colorado.edu//luna/servlet/detail/CUB~33~33~31~312348"
"Rare and Distinctive Collections Moving Image Film and Video","World’s Fair - 2 of 3: Chicago","Holmes, Burton, 1870-1958","Filmmaker","http://id.loc.gov/authorities/names/n82247420","Moving Image","http://purl.org/dc/dcmitype/MovingImage","Travelogues (Motion pictures)","http://id.loc.gov/authorities/genreForms/gf2011026704","Film clips","http://id.loc.gov/authorities/genreForms/gf2011026255","","Burton Holmes Films Inc.","","1933","English","http://id.loc.gov/vocabulary/iso639-2/eng","ISO639-2","1 film reel (16mm): black and white, silent; 18:50","black-and-white films (visual works)","http://vocab.getty.edu/page/aat/300417958","silent films","http://vocab.getty.edu/page/aat/300252071","Possibly clips from ""A Century of Progress: Exposition... the Fair from the Air"" (Burton Holmes Films, 1933). Images include arial and street views of Chicago, a band playing in a square, a small signing reading ""Display by J.D. Long, Boulder, Colorado,"" a garden of flowers, and a shot of the Goodyear blimp in the sky.","00:00 Film continues from the end of “World’s Fair - 1 of 3: Chicago.” Buildings at the “A Century of Progress” exposition are filmed at night; 00:18 Exterior view of the Illinois State Capitol building. Aerial views also show the city; 02:50 Street scenes of tall buildings and cars driving through down-town Chicago; 04:54 Exterior view of an unknow building appears. Possibly the Palace of Fine Arts or the Museum of Science and Industry. Scene changes to views of the city skyline along Lake Michigan. Boats travel in the water; 05:45 Exterior views of exhibition buildings are shown. A parade with floats and a marching band travel down the road of the fair; 06:55 A building labeled “Sweden” is shown; 07:25 Aerial view of the world’s fair; 08:16 Aerial view of the Field Museum. Aerial views of exposition architecture and the city continue; 10:27 Views of the fair from the ground; 11:02 A sign in a garden reads, “Display by J. D. Long – Boulder Colo.”; 11:32 People walk by a building with a sign that reads, “Spanish Village”; 12:20 Exterior view of the Ford building; 13:00 Exterior view of the Chrysler Motors building; 13:30 Exterior view of a General Motors (GM) building with “Automobile,” “Buick,” “Frigidaire,” and “Body By Fisher” signs shown; 14:22 Close-up of a Good Year Tires blimp; 14:56 Aerial views of the world’s fair continue.","Segment sequence","Collection of origin: Leroy H. Miller papers","Century of Progress International Exposition","http://id.worldcat.org/fast/1405740","Exhibitions","http://id.worldcat.org/fast/918097","Airships","http://id.worldcat.org/fast/803860","Cities and towns","http://id.worldcat.org/fast/861748","","","","","Illinois--Chicago","http://id.worldcat.org/fast/1204048","Illinois--Chicago--Navy Pier","http://id.worldcat.org/fast/1319678","Illinois--Northerly Island","http://id.worldcat.org/fast/1890957","","","U183075095127_narv_millerLeroy_worldsFair2of3Chicago_a.mp4","https://ark.colorado.edu/ark:/47540/tt451n4118f4","University of Colorado Boulder Libraries Rare and Distinctive Collections","current","COU: 1079","World’s Fair - 1 of 3: Chicago","U183075095127_narv_millerLeroy_worldsFair1of3Chicago_a.mp4","2022","video/mp4","https://www.iana.org/assignments/media-types/video/mp4","reformatted digital","This Item is protected by copyright and/or related rights. You are free to use this Item in any way that is permitted by the copyright and related rights legislation that applies to your use. For other uses you need to obtain permission from the rights-holder(s).","http://rightsstatements.org/vocab/InC/1.0/","30","312350","5025","U183075095127_narv_millerLeroy_worldsFair2of3Chicago_a.mp4","https://cudl.colorado.edu//luna/servlet/detail/CUB~33~33~30~312350"
